"pathway","pval","padj","log2err","ES","NES","size","leadingEdge"
"HALLMARK_MYC_TARGETS_V1",1e-50,5e-49,NA,-0.876432612127227,-3.52371962994066,200,"LDHA;DHX15;PSMC6;UBE2L3;TARDBP;TRA2B;YWHAE;EIF4E;SNRPD1;SNRPB2;SRSF3;SRSF1;PRDX3;XRCC6;HNRNPA3;XPO1;SSB;RAN;SYNCRIP;HDAC2;SET;VBP1;SRSF2;CCT2;PSMD1;PTGES3;SRSF7;YWHAQ;SERBP1;PSMA4;EIF4G2;PGK1;EIF4A1;PSMB2;CCT5;HNRNPU;UBA2;NME1;HSPE1;PA2G4;NPM1;HNRNPR;HSP90AB1;RAD23B;TFDP1;RANBP1;HSPD1;SF3B3;HNRNPA2B1;HNRNPC;CBX3;HNRNPD;PPIA;GNL3;ABCE1;C1QBP;HDDC2;CCT7;SSBP1;PSMA7;CNBP;CCT4;VDAC1;TXNL4A;TCP1;ACP1;PSMD7;PSMD14;MRPL9;PSMA1;G3BP1;EXOSC7;PWP1;ODC1;USP1;ILF2;ERH;EIF1AX;PHB1;COPS5;DDX18;NDUFAB1;SNRPG;CSTF2;SNRPA;PCBP1;RNPS1;CDK4;EIF2S1;KPNB1;PSMA2;APEX1;EIF3J;CYC1;AP3S1;PSMD3;EIF3B;GOT2;PSMD8;PCNA;NOLC1;CLNS1A;EIF4H;SNRPD3;MCM6;CCT3;RSL1D1;CTPS1;SNRPA1;MCM7;IARS1;PRDX4;GLO1;RFC4;POLD2;FBL;HDGF;NOP16;H2AZ1;DDX21;TRIM28;MCM4;POLE3;KARS1;HNRNPA1;SLC25A3;ETF1;ORC2;SRM;NHP2;DUT;XPOT;NOP56;MRPS18B;SRPK1;GSPT1;EIF2S2;SF3A1;LSM2;FAM120A;RRM1;EPRS1;PSMB3;RRP9;STARD7;U2AF1;MRPL23;PHB2;PRPF31;MCM2;TYMS;AIMP2;SNRPD2;COX5A;TUFM;PPM1G;CDC45;RUVBL2;PSMC4;CAD;VDAC3;CCNA2;MAD2L1"
"HALLMARK_E2F_TARGETS",1.44929874549475e-40,3.62324686373687e-39,1.6595653414844,-0.779152343094567,-3.13260183166032,200,"AK2;PAICS;TRA2B;SRSF1;ANP32E;XRCC6;XPO1;RAN;SYNCRIP;SRSF2;NME1;CNOT9;PA2G4;SSRP1;RANBP1;HNRNPD;PPP1R8;EXOSC8;PNN;STAG1;ZW10;TMPO;NUDT21;USP1;PHF5A;LBR;ILF3;DDX39A;CSE1L;CDK4;EIF2S1;LYAR;RAD1;PCNA;NOLC1;NUP153;LMNB1;MCM6;NASP;CTPS1;SNRPB;MCM7;PRDX4;RBBP7;POLD2;NUP205;H2AZ1;SMC3;TUBB;TIPIN;HUS1;MCM4;SLBP;RPA3;GINS1;UNG;ORC2;NUP107;DUT;NOP56;TUBG1;ING3;RRM2;HMGB3;GSPT1;PRPS1;RFC3;LIG1;NAA38;DNMT1;HMGA1;TFRC;RFC2;CCNE1;GINS3;POLD3;TBRG4;MCM3;ASF1A;MLH1;MCM2;MMS22L;SUV39H1;RAD21;MSH2;CDC25A;POP7;DCTPP1;PLK4;EZH2;PDS5B;CHEK1;RNASEH2A;SMC1A;NBN;SPC25;SMC4;HMGB2;E2F8;WEE1;POLD1;DSCC1;MAD2L1;MYBL2;POLA2;KIF22;TRIP13;DONSON;SPC24;HELLS;MCM5;BARD1;LUC7L3;PRKDC;SHMT1;IPO7;PSIP1;DCK;TIMELESS;MYC;CKS1B;UBR7;ATAD2;CTCF;BUB1B;BRCA2;AURKB;RAD51C;CENPM;MTHFD2;SMC6;PTTG1;RAD50;TK1;ASF1B;STMN1"
"HALLMARK_OXIDATIVE_PHOSPHORYLATION",5.04022448663261e-30,8.40037414438769e-29,1.42456271623384,-0.713382332423934,-2.86817182933645,200,"LDHA;DLAT;ATP5F1C;MRPS22;PRDX3;GPI;MRPL35;ATP5MC3;AFG3L2;TOMM22;TIMM17A;NDUFA9;NDUFS1;FH;COX11;ATP5F1B;CYCS;MRPS15;ACAT1;SDHB;VDAC1;ETFA;SUCLG1;ATP5MC1;FXN;NDUFB6;NDUFA5;ACAA2;TIMM50;NDUFAB1;ATP5F1A;NDUFS3;HSPA9;OPA1;PDHB;MRPL11;UQCRC2;GRPEL1;NDUFV2;ATP5PB;UQCRC1;TIMM10;CYC1;GOT2;NDUFC1;PDHX;SLC25A5;IDH3A;MRPL15;NDUFA7;ATP5PD;ISCA1;COX7B;PDHA1;IDH3B;SUPV3L1;TIMM8B;UQCRFS1;NDUFS6;SLC25A11;MDH2;VDAC2;NDUFB4;LDHB;NDUFC2;ATP5PF;NDUFA4;MTX2;ATP5PO;HSD17B10;NDUFA8;IMMT;SLC25A3;POLR2F;DLD;NDUFB8;SDHD;CS;MPC1;ATP5MF;TIMM13;NDUFA3;UQCR10;NDUFB3;NDUFA6;PHB2;OXA1L;IDH1;ATP5MG;COX10;COX7A2;DECR1;FDX1;TIMM9;OGDH;UQCRQ;COX5A;MRPS30;ABCB7;SDHC;CYB5A;COX7C;VDAC3;ATP5MC2;NDUFS4;DLST;COX6C;UQCRH;MRPL34;ACADM;COX6A1;TOMM70;NQO2;RHOT1;NDUFA1;NDUFS2;NDUFV1;NDUFB2;MDH1;SUCLA2;SDHA;COX17;MRPS12;IDH3G;ETFDH;LRPPRC;NDUFB7;MTRF1;ECI1;NDUFS8;ATP5F1D;ECH1;SLC25A12;COX5B;COX8A"
"HALLMARK_G2M_CHECKPOINT",7.04939136033309e-24,8.81173920041636e-23,1.26273988547916,-0.661310822294586,-2.65881699718559,200,"SRSF10;TRA2B;SNRPD1;SRSF1;XPO1;SYNCRIP;SRSF2;HNRNPU;RAD23B;TFDP1;UCK2;HNRNPD;NCL;AMD1;MNAT1;LIG3;STAG1;G3BP1;EWSR1;ODC1;TMPO;HMGN2;PRP4K;LBR;DKC1;ILF3;DDX39A;SAP30;CDK4;DR1;KPNB1;SFPQ;RBM14;NUP50;NOLC1;LMNB1;MCM6;NASP;HSPA8;CDC7;ORC5;H2AZ1;HUS1;FBXO5;CUL3;HMGB3;GSPT1;HMGA1;PRMT5;MCM3;CDC6;DTYMK;MCM2;PURA;SUV39H1;RAD21;NSD2;CDC25A;CUL4A;PBK;GINS2;PLK4;DBF4;EZH2;PDS5B;SMC2;CHEK1;SMC1A;RAD54L;CDC45;SMC4;CHAF1A;CCNA2;MAD2L1;FANCC;MYBL2;H2AZ2;POLA2;RBL1;KIF22;E2F4;MCM5;BARD1;SLC7A1;ATF5;HIRA;SQLE;SLC38A1;MYC;KIF11;KMT5A;CDC27;CKS1B;KIF15;CTCF;BRCA2;AURKB;SMARCC1;EXO1;SLC7A5;E2F2;CUL5;PTTG1;BUB3;KATNA1;STMN1;UPF1"
"HALLMARK_MTORC1_SIGNALING",2.91085193426438e-22,2.91085193426438e-21,1.22105375677186,-0.645554056092194,-2.59546651752122,200,"LDHA;PSMC6;EEF1E1;PPA1;ENO1;PSMA4;PGK1;HK2;GPI;HSPE1;PSMA3;HSPD1;UBE2D3;POLR3G;CCT6A;PPIA;TPI1;GMPS;ALDOA;STIP1;PSMD14;ATP5MC1;GAPDH;ERO1A;PGM1;UCHL5;COPS5;DDX39A;PSMG1;SORD;HSPA9;PSMD12;CACYBP;TOMM40;SLC37A4;BCAT1;ACTR3;SCD;NUP205;MCM4;MTHFD2L;PDAP1;ACLY;IMMT;CYP51A1;PSMC2;PSME3;UNG;HMGCS1;ETF1;NFYC;PDK1;TUBG1;ACSL3;ABCF2;RRM2;CORO1A;EIF2S2;SHMT2;NMT1;NUFIP1;PNP;CYB5B;ATP2A2;EPRS1;RRP9;PSMD13;TFRC;GSR;TMEM97;IDH1;TCEA1;MCM2;PSMB5;P4HA1;EBP;PNO1;IDI1;CDC25A;RDH11;ELOVL6;CALR;ASNS;INSIG1;PSMC4;NAMPT;HSPA5;SLC2A1;HSPA4;PSAT1;ACACA;HMBS;HPRT1;DHFR;SERP1;SSR1;TBK1;RPN1;SQLE;SDF2L1;FADS2;PITPNB;GBE1;HMGCR;FKBP2;DHCR7;TXNRD1;STARD4;PHGDH;SLC7A5;MTHFD2;GOT1;SLC1A5;GCLC"
"HALLMARK_MYC_TARGETS_V2",5.12319460151248e-18,4.26932883459374e-17,1.0959292864312,-0.871025262292712,-2.94638459816135,58,"HK2;HSPE1;PA2G4;NPM1;HSPD1;UTP20;CBX3;GNL3;MRTO4;TCOF1;NDUFAF4;PHB1;DDX18;SORD;CDK4;PRMT3;NOLC1;LAS1L;SUPV3L1;MPHOSPH10;NOP16;IPO4;NIP7;WDR43;BYSL;IMP4;MCM4;RABEPK;PES1;UNG;SRM;NOP56;RRP9;FARSA;TBRG4;TMEM97;TFB2M;AIMP2;DCTPP1;PLK4;GRWD1;EXOSC5;NOP2;PPRC1;PPAN;SLC19A1;MYBBP1A;MCM5;PUS1;RRP12;WDR74;NOC4L;MYC"
"HALLMARK_TNFA_SIGNALING_VIA_NFKB",6.36740180192836e-17,4.54814414423454e-16,1.05746357275086,0.638263197905633,2.15763170375903,199,"CDKN1A;TAP1;IER5;ZC3H12A;IFIT2;DUSP5;ZFP36;BTG2;CCL4;DRAM1;SERPINE1;ATF3;CLCF1;TRAF1;SNN;PTGER4;EGR2;TNFSF9;PLAU;SQSTM1;EFNA1;IRF1;SAT1;PTPRE;PHLDA1;DNAJB4;SMAD3;HBEGF;CD83;IL23A;KLF9;FOSL1;GPR183;DUSP1;NFAT5;JUNB;RELB;RHOB;FOSB;PPP1R15A;LAMB3;FOS;CD44;PDE4B;BTG1;SGK1;STAT5A;SPSB1;NFKB2;ICAM1;MXD1;CCND1;CD69;PLAUR;LITAF;TGIF1;EGR3;SERPINB8;CCRL2;CFLAR;GADD45B;NFKBIE;CD80;CXCL10;GEM;PNRC1;TUBB2A;BCL2A1;CCL5;BCL3;GCH1;SDC4;IL1B;TNIP2;TSC22D1;PLK2;FOSL2;EDN1;NINJ1;ACKR3;TNFAIP2;CSF1;IRS2;JUN;B4GALT5;TNFAIP8;NR4A1;SOCS3;RNF19B;ZBTB10;IL1A;B4GALT1;EHD1;DENND5A;TANK;TNF;HES1;NFKBIA;SLC2A6;RCAN1;SPHK1;MARCKS;PLEK;MCL1;IL6ST;GFPT2;NR4A3;TNFRSF9;IL18;NR4A2;CXCL11;TNIP1;KDM6B;TNC;RIGI;SIK1;PMEPA1;BIRC3;KYNU;DUSP4;TNFAIP6;LIF;IL15RA;ICOSLG;FJX1;TNFAIP3"
"HALLMARK_INTERFERON_GAMMA_RESPONSE",5.22590869260733e-14,3.26619293287958e-13,0.965327754226083,0.608917711580009,2.058430070536,199,"TXNIP;CDKN1A;MVP;HELZ2;TAP1;SLAMF7;RNF31;IFIT2;STAT3;CIITA;STAT2;PML;CD74;IRF1;HLA-DMA;SOCS1;IL18BP;IRF7;CD274;ZNFX1;CSF2RB;RNF213;IFIT3;NCOA3;ZBP1;IRF9;MT2A;OAS2;DHX58;CMTR1;IFIT1;RSAD2;ST3GAL5;PARP14;HERC6;SAMD9L;FAS;LCP2;PDE4B;BTG1;BST2;LGALS3BP;TOR1B;TRIM26;ICAM1;IRF4;HLA-DQA1;EPSTI1;CD86;OASL;CD69;TRAFD1;B2M;RBCK1;IFI44L;IFNAR2;DDX60;HLA-DRB1;XAF1;FPR1;MX1;STAT1;IFI44;CD40;IRF5;IL10RA;GPR18;HLA-B;JAK2;IL2RB;UBE2L6;CXCL10;HLA-A;PARP12;CCL5;IFI27;OAS3;IFITM3;LYSMD2;NLRC5;IFI35;GCH1;FGL2;USP18;TDRD7;ITGB7;RIPK1;ARID5B;APOL6;P2RY14;EIF4E3;HIF1A;CASP8;VAMP5;SELP;SP110;IRF2;TNFAIP2;IFITM2;NOD1;PTPN6;RTP4;ISG20;SOCS3;TAPBP;LATS2;CASP4;NFKBIA;ADAR;CASP1;BATF2;LY6E;STAT4;IL15;CMPK2;CXCL11;BANK1;CXCL9;MARCHF1;SAMHD1;GBP4;RIGI;IL7;IL4R;TNFAIP6;PLSCR1;TNFSF10;ST8SIA4;IL15RA;TNFAIP3;CFH"
"HALLMARK_INTERFERON_ALPHA_RESPONSE",9.07132978377525e-13,5.03962765765292e-12,0.921426003494898,0.696923330762551,2.18032085083474,97,"TXNIP;HELZ2;TAP1;TMEM140;RNF31;SELL;IFIT2;STAT2;PROCR;CD74;LAMP3;IRF1;IRF7;OAS1;IFIT3;IRF9;DHX58;CMTR1;RSAD2;PARP14;HERC6;SAMD9L;BST2;LGALS3BP;TRIM5;GMPR;TRIM26;EPSTI1;OASL;TRAFD1;B2M;IFI44L;DDX60;PARP9;MX1;IFI44;CCRL2;UBE2L6;MOV10;CXCL10;PARP12;IFITM1;IFI27;IFITM3;IFI35;USP18;TDRD7;CNP;CASP8;SP110;IRF2;GBP2;IFITM2;CSF1;UBA7;RTP4;HLA-C;ISG20;ADAR;CASP1;BATF2;LY6E;NUB1;IL15;CMPK2;SAMD9;CXCL11;TENT5A;GBP4;IL7"
"HALLMARK_MYOGENESIS",5.35544853944961e-11,2.6777242697248e-10,0.851339057116899,0.566479345581132,1.91538104754607,200,"CDKN1A;AGRN;CAMK2B;GSN;SIRT2;SH3BGR;FXYD1;ATP6AP1;DENND2B;LPIN1;TCAP;HDAC5;MYOM2;APOD;MYL11;CRAT;HBEGF;CHRNA1;MYL4;SLC6A8;CKB;SPEG;SGCA;DAPK2;MYOM1;PDLIM7;SORBS1;MAPRE3;MEF2D;ADCY9;SORBS3;TNNT1;EPHB3;NAV2;PICK1;DMPK;PSEN2;ACTN3;BIN1;PRNP;GABARAPL2;HRC;RYR1;VIPR1;ITGB5;COL15A1;PLXNB2;MYH9;ITGA7;GNAO1;PTP4A3;GADD45B;AEBP1;MYBPC3;FABP3;TAGLN;CTF1;CD36;CASQ1;SMTN;ACHE;PC;GAA;SPTAN1;TNNT3;COL1A1;SYNGR2;TPM2;SPARC;MEF2A;MRAS;GPX3;COL4A2;TSC2;FOXO4;FKBP1B;SPHK1;NCAM1;TNNC1;TNNI2;MYL2;SH2B1;ACTA1;AK1;ITGB1;COL6A3;EIF4A2;LARGE1;MYOZ1;CHRNB1;DES;CKM;FST;MYBPH;MB;WWTR1;MYH7;PDE4DIP;ENO3;KCNH2;FGF2;ATP2A1;CFD;DTNA;REEP1;NOS1;ERBB3;TNNC2;ITGB4;IGF1;CRYAB"
"HALLMARK_INFLAMMATORY_RESPONSE",1.92179395210983e-10,8.73542705504466e-10,0.826657301178302,0.559402695535528,1.89145346486684,200,"CDKN1A;CCR7;SELL;BTG2;ADGRE1;SERPINE1;PTGER4;LAMP3;TNFSF9;ACVR1B;IRF1;IRF7;PTPRE;HBEGF;CHST2;GPR183;TNFSF15;PSEN1;PTGIR;GPR132;IRAK2;LCP2;PDE4B;BST2;ITGA5;EBI3;IL10;TLR1;ICAM1;MXD1;C3AR1;ATP2C1;P2RX7;ITGB3;TIMP1;IFNAR1;CD69;PLAUR;CXCL8;FPR1;GNA15;RGS1;CD40;CCRL2;TNFRSF1B;KIF1B;IL10RA;IL2RB;CALCRL;SCARF1;CXCL10;SCN1B;ICAM4;CD70;IFITM1;GABBR1;CCL5;CCL22;P2RX4;GCH1;MEFV;P2RY2;C5AR1;RNF144B;CX3CL1;IL1B;HIF1A;NLRP3;SLAMF1;EDN1;ITGB8;NOD2;EMP3;CSF1;CD82;RTP4;SLC31A2;TAPBP;IL1A;SEMA4D;CD48;NFKBIA;SPHK1;HPN;LY6E;RHOG;PIK3R5;HRH1;IL15;TNFRSF9;IL18;CXCL11;MET;RGS16;CXCL9;CD55;PCDH7;RASGRP1;IL4R;KCNA3;TNFAIP6;AXL;TNFSF10;LIF;IL15RA;ICOSLG"
"HALLMARK_UNFOLDED_PROTEIN_RESPONSE",6.12844241481415e-09,2.55351767283923e-08,0.761460801445585,-0.562576324031365,-2.11583814160412,113,"EXOSC9;EIF4E;EIF4A1;NPM1;EXOSC2;EXOSC10;ALDH18A1;MTREX;ERO1A;FUS;BANF1;DKC1;HSPA9;EIF2S1;NFYB;SPCS3;NOLC1;GEMIN4;PDIA6;NOP14;IARS1;TARS1;KHSRP;EXOSC1;CNOT2;NHP2;XPOT;NOP56;IMP3;EIF4G1;RRP9;VEGFA;SKIC3;YWHAZ;CALR;EXOSC5;ASNS;CEBPG;HSPA5;LSM4;DDX10;PSAT1;CNOT6;ATF4;SRPRB;SERP1;SSR1;PAIP1;POP4;CKS1B;HYOU1;SLC30A5;SLC7A5;MTHFD2;EXOSC4;PREB;DCP2;HSP90B1;PDIA5;EIF4EBP1;KIF5B;YIF1A;CEBPB;DCTN1;DDIT4"
"HALLMARK_EPITHELIAL_MESENCHYMAL_TRANSITION",2.71774875051556e-08,1.04528798096753e-07,0.73376198835648,0.53460599814476,1.8072213068243,199,"SERPINE1;BMP1;SAT1;BASP1;APLP1;QSOX1;LGALS1;PDGFRB;TGM2;SLC6A8;ACTA2;CD59;IGFBP4;CAPG;MFAP5;COL7A1;RHOB;ITGAV;FAS;CD44;ITGA5;SERPINH1;ITGB5;ITGB3;TIMP1;P3H1;PLAUR;CXCL8;LRP1;IL32;GADD45B;DST;GEM;VIM;TAGLN;ECM1;SDC4;GPC1;NOTCH2;MSX1;FBLN5;CALD1;EMP3;LAMC1;JUN;COL1A1;MYL9;ANPEP;DPYSL3;TFPI2;TPM2;SDC1;SPARC;FBN1;COL4A2;CTHRC1;COL16A1;FBLN1;THY1;FERMT2;LAMC2;IL15;LAMA3;GLIPR1;FUCA1;ITGB1;SGCB;TNC;FBN2;COL6A3;PMEPA1;FMOD;EFEMP2;LUM;TGFBR3;BDNF;TNFAIP3;COPA;PRSS2;CDH6;ECM2;PTX3;NID2;SLIT3;WNT5A;FGF2;VCAN;FN1;SPOCK1;ELN;AREG;GADD45A;PRRX1;COL4A1;COL5A3;CADM1;COL8A2;SPP1;VCAM1;SERPINE2;TNFRSF11B;SNAI2;INHBA;ID2;ADAM12;PMP22;COL1A2;LOXL1;TGFB1;SLIT2;ENO2;TGFBI;MMP14;FZD8;COL12A1;LOXL2;PCOLCE2;MYLK;FAP;ABI3BP;SNTB1"
"HALLMARK_P53_PATHWAY",6.5167810879989e-08,2.32742181714246e-07,0.704975715167238,0.528674735797275,1.78717083277811,199,"TXNIP;CDKN1A;ABAT;TAX1BP3;BLCAP;MXD4;TAP1;IER5;ANKRA2;ABCC5;ABHD4;IP6K2;TSPYL2;PROCR;BTG2;DRAM1;ATF3;TNFSF9;ACVR1B;DGKA;SOCS1;SAT1;PTPRE;ZMAT3;HBEGF;ZFP36L1;PTPN14;FOXO3;PRMT2;JAG2;NDRG1;CDKN2B;SESN1;CSRNP2;CCND2;TCN2;CTSF;PPP1R15A;F2R;FOS;CTSD;FAS;BTG1;ZNF365;MXD1;BAIAP2;XPC;PLXNB2;TRAFD1;ISCU;HMOX1;VWA5A;EPHA2;RETSAT;RXRA;RRAD;SERTAD3;GM2A;CEBPA;TSC22D1;VDR;PLK2;NINJ1;EPS8L2;JUN;RALGDS;CD82;FDXR;S100A10;RNF19B;IL1A;SDC1;TGFA;FBXW7;CASP1;TP63;SPHK1;BAK1;SEC61A1;PHLDA3;PMM1;EPHX1;APAF1;TOB1;AK1;RGS16;FUCA1;RHBDF2;CCNG1;SLC35D1;KIF13B;PDGFA;POLH;PRKAB1;TCHH;LIF;CD81;OSGIN1;ADA;CCND3;GLS2;WRAP73;NUPR1;DDB2;ST14;PERP;PIDD1;DEF6;RAB40C;RPS12;HEXIM1;ZBTB16;GADD45A;PLK3;ITGB4"
"HALLMARK_KRAS_SIGNALING_DN",1.27562603268187e-06,4.25208677560624e-06,0.643551836150722,0.500946071111826,1.69379981447679,200,"TCF7L1;BTG2;SYNPO;TG;SNN;TENT5C;IDUA;CLSTN3;CHST2;MAST3;PDCD1;SLC12A3;FGFR3;KCND1;MTHFR;RSAD2;CACNA1F;SGK1;TGFB2;SIDT1;RYR1;SLC30A3;ABCG4;IFI44L;ASB7;MX1;MYO15A;PDK2;CD80;CPEB3;KCNMB1;YPEL1;MEFV;SLC5A5;LFNG;EDN1;NPHS1;C5;COL2A1;COPZ2;SLC29A3;SNCB;KCNQ2;CELSR2;PRODH;NR4A2;PTPRJ;GP2;SELENOP;CKM;GPRC5C;ITIH3;SHOX2;EGF;SLC38A3;ARPP21;MYH7;GPR19;SKIL;CNTFR;SLC6A3;DLK2;ZC2HC1C;THNSL2;KCNN1;NRIP2;NR6A1;DCC;TAS2R4;NTF3;NOS1;ZBTB16;RYR2;CPA2;EDN2;TGM1;YBX2;PLAG1;RGS11;STAG3;ARHGDIG;UPK3B;PCDHB1;EFHD1;COQ8A;GPR3;NGB;P2RX6;FGGY;GAMT;CCNA1;IFNG;TFCP2L1;CAMK1D;AMBN;TFF2;CAPN9;CD40LG;PKP1;GP1BA;MAGIX;PDE6B;FGF22;SERPINB2;MACROH2A2;PRKN;VPREB1;IL12B;HNF1A;KCNE2;UGT2B17;VPS50;KMT2D;ATP4A;ADRA2C;KRT15;CALCB;SERPINA10;P2RY4;SCGB1A1;EPHA5;THRB;SPRR3;MYOT;EDAR;IL5;CDH16;HTR1D"
"HALLMARK_COAGULATION",1.58535279748873e-06,4.95422749215229e-06,0.643551836150722,0.545169139429321,1.77196260250629,138,"F8;GSN;CRIP2;RAPGEF3;SIRT2;MMP11;SERPINE1;CTSO;PLAU;BMP1;USP11;CTSB;CPQ;CAPN5;CTSH;MMP15;FURIN;S100A1;MST1;LAMP2;ITGB3;TIMP1;C3;PECAM1;LRP1;ISCU;CTSK;KLF7;CASP9;FYN;S100A13;A2M;ITIH1;MMP7;WDR1;C2;SERPINA1;TFPI2;ANG;CTSV;SPARC;PLAT;FBN1;TF;PDGFB;LGMN;HPN;PLEK;KLKB1;DUSP6;PROC;CFI;CD9;MMP9;MSRB2;CAPN2;HRG;CFH;MMP8;F12;HNF4A;CPN1;FN1;CFB;CFD;MASP2"
"HALLMARK_IL6_JAK_STAT3_SIGNALING",2.47405961942937e-06,7.27664593949814e-06,0.627256739718528,0.597184249885701,1.85409240452492,87,"IL12RB1;STAT3;STAT2;IL13RA1;ACVR1B;IL17RA;IRF1;SOCS1;CSF2RB;IRF9;TNFRSF1A;LTBR;FAS;CD44;EBI3;ITGB3;IFNAR1;HMOX1;STAT1;IL2RA;TNFRSF1B;CCR1;CXCL10;CD36;A2M;TYK2;IL1B;DNTT;IL2RG;CSF1;JUN;SOCS3;IL10RB;TNF;CBL;BAK1;IL6ST;PIK3R5;CXCL11;CXCL9;CD9;IL7;CRLF2;IL4R;CSF2RA;IL15RA;CXCL13;IL9R;IFNGR1;CNTFR;LTB;CD14;PTPN1;MAP3K8"
"HALLMARK_DNA_REPAIR",6.17901903386572e-06,1.71639417607381e-05,0.610526878385931,-0.44248636484836,-1.71217292750831,150,"NME1;SSRP1;ERCC8;ALYREF;POLA1;RAE1;NUDT21;RBX1;SF3A3;SRSF6;POLR2H;AAAS;RFC5;PCNA;FEN1;RFC4;MRPL40;POLR2I;POLR2C;RPA3;POLR2F;RALA;DGCR8;POLR1H;DUT;RFC3;LIG1;PNP;GTF2A2;RFC2;POLD3;TAF6;NT5C;TYMS;TAF9;POLR2E;POLR2D;DDB1;PRIM1;NELFE;ZWINT;NELFCD;TARBP2;POLD1;SMAD5;POLA2;NCBP2;NUDT9;HPRT1;APRT;POLR2K;ERCC3;BCAP31;TMED2;COX17;NELFB;IMPDH2;GTF3C5;POLR2G;ADRM1;ITPA;CSTF3;UMPS;RNMT;GTF2H1;CETN2;POM121;POLR2J"
"HALLMARK_IL2_STAT5_SIGNALING",8.6341265633912e-06,2.27213856931347e-05,0.593325476396405,0.489441406230146,1.6545436094072,199,"SELL;MAPKAPK2;TRAF1;TLR7;AHNAK;ANXA4;SOCS1;PHLDA1;PRAF2;APLP1;IGF2R;CD83;TGM2;PLEC;NCOA3;CDCP1;NDRG1;CYFIP1;CCND2;CAPG;FURIN;GABARAPL1;PRKCH;S100A1;RHOB;ITGAV;CD44;TNFRSF4;HIPK2;IL10;MXD1;CTSZ;PRNP;IRF4;MAP6;CD86;GLIPR2;SYT11;MUC1;GPX4;PTCH1;IL2RA;TNFRSF1B;GADD45B;IL10RA;SERPINB6;IL2RB;NCS1;CXCL10;HOPX;BMPR2;RRAGD;IFITM3;P2RX4;ITGA6;FGL2;NFKBIZ;ECM1;ADAM19;BATF;SELP;FLT3LG;ABCB1;ETFBKMT;DHRS3;CSF1;SNX9;SYNGR2;TNFRSF18;DENND5A;CD48;GALM;TNFRSF9;RGS16;GBP4;IRF6;GPR83;CAPN3;IL4R;CCR4;RABGAP1L;SPRED2;PLSCR1;CISH;TNFSF10;LIF;CD81;SMPDL3A;ENO3;IFNGR1;CCND3;AMACR;CST7;TTC39B;SOCS2;BATF3;LTB;KLF6;TNFRSF8;MAP3K8;RORA;IKZF4;ITIH5;RHOH"
"HALLMARK_APOPTOSIS",1.53911065005821e-05,3.83830692223296e-05,0.575610261071129,0.50211978163353,1.6569654930048,160,"TXNIP;CDKN1A;CYLD;TAP1;GSN;PRF1;BTG2;ATF3;SQSTM1;LMNA;PEA15;PPP2R5B;IRF1;SAT1;PDGFRB;HSPB1;LGALS3;IGF2R;PLCB2;PSEN1;CCND2;RHOB;SATB1;F2R;FAS;CD44;PSEN2;TGFB2;PDCD4;CCND1;TIMP1;CD69;BMF;TSPO;EGR3;BIK;HMOX1;SMAD7;GPX4;GNA15;CASP9;CFLAR;GADD45B;RETSAT;PTK2;BCL2L2;IGFBP6;NEDD9;IFITM3;GCH1;IL1B;CASP8;MADD;SPTAN1;CREBBP;JUN;FEZ1;FDXR;ISG20;IL1A;CASP4;ERBB2;PLAT;TNF;GPX3;CASP1;BCL2L11;MCL1;IFNB1;CAV1;IL18;GPX1;NEFH;PMAIP1;TIMP2;BIRC3;H1-0;LUM;TGFBR3;TNFSF10;IFNGR1;BCL10;RNASEL;HGF;CD14;ERBB3;CDC25B;GADD45A;DDIT3;CDKN1B;RARA;ANXA1;BAX;XIAP;F2;PAK1;ENO2;CCNA1;CLU;CASP7;RELA;ADD1"
"HALLMARK_APICAL_JUNCTION",1.61208890733784e-05,3.83830692223296e-05,0.575610261071129,0.479413382511073,1.62099344656539,200,"ZYX;MAPK11;TMEM8B;VASP;TAOK2;TRAF1;SDC3;BMP1;RRAS;CRAT;STX4;CD274;MDK;SPEG;SRC;INPPL1;NRXN2;SORBS3;CERCAM;PKD1;LAMB3;FYB1;ICAM5;ITGA3;ACTN3;SIRPA;ICAM1;CTNND1;CD86;BAIAP2;JUP;SLC30A3;THBS3;NECTIN2;MYH9;PECAM1;ICAM2;MADCAM1;PTK2;GRB7;GNAI2;ICAM4;TSC1;ACTN1;AMIGO2;FSCN1;CX3CL1;ITGA9;VAV2;CLDN11;NLGN3;FLNC;PIK3R3;JAM3;CDH3;RAC2;MYL9;CLDN15;CDH15;CLDN6;CNN2;B4GALT1;NECTIN1;FBN1;NLGN2;SHROOM2;COL16A1;EVL;THY1;PARD6G;ARHGEF6;ACTG2;LAMC2;MAPK13;CLDN7;ACTA1;LAMA3;ITGB1;CLDN9;MMP9;VCL;NECTIN4;NFASC;EGFR;NF1;TJP1;ADAM23;TRO;KCNH2;CDH6;AMIGO1;PBX2;VCAN;GTF2F1;IKBKG;ITGA10;PCDH1;CNTN1;CDH1;AKT3;LIMA1;ITGB4;DSC3;RHOF;CLDN14;SHC1;VCAM1;ACTN2;TNFRSF11B;WNK4;CTNNA1;NEGR1;MPZL2;WASL;GAMT;CADM2;SLIT2;TGFBI;CD276;CD34;ALOX15B"
"HALLMARK_FATTY_ACID_METABOLISM",3.43444512935072e-05,7.80555711216073e-05,0.557332238758646,-0.414414808444762,-1.62670124270603,157,"LDHA;METAP1;ADSL;MIX23;FH;ALDOA;HSP90AA1;YWHAH;SUCLG1;ODC1;ACAA2;HADH;PDHB;SMS;APEX1;SUCLG2;PDHA1;PTS;CRYZ;IDH3B;ACAT2;MCEE;MDH2;H2AZ1;HSD17B10;HSD17B7;HMGCS1;DLD;SDHD;UGDH;HSPH1;HIBCH;IDH1;DECR1;IDI1;RDH11;ALDH3A2;AUH;NBN;OSTC;SDHC;NCAPH2;GCDH;MIF;BPHL;DLST;FASN;ACADM;GSTZ1;MDH1;SUCLA2;KMT5A;SDHA;NSDHL;GPD2;IDH3G;ETFDH;CBR1"
"HALLMARK_COMPLEMENT",0.000128345719183829,0.000279012433008325,0.518848077743792,0.4593894170745,1.55328837630446,200,"F8;DUSP5;SERPINE1;CTSO;BRPF3;SPOCK2;CASP10;IRF1;IRF7;STX4;PRCP;PIK3CG;LGALS3;CTSS;ITGAM;KLK1;SRC;CTSB;CPQ;CTSH;PSEN1;CD59;MMP15;RNF4;CTSD;LCP2;F5;LAMP2;DOCK9;TIMP1;PLAUR;C3;ERAP2;LRP1;CASP9;JAK2;FYN;S100A13;GNAI2;CCL5;APOBEC3F;LTF;CD36;PCLO;ITIH1;FCER1G;IRF2;AKAP10;C2;ATOX1;SERPINA1;TFPI2;ANG;CTSV;EHD1;CASP4;PLAT;DOCK10;COL4A2;KCNIP2;CASP1;PDGFB;LGMN;APOBEC3G;CD46;PLEK;KCNIP3;GNG2;KLKB1;RHOG;PIK3R5;CR1;DUSP6;NOTCH4;CR2;ADRA2B;USP8;TIMP2;CD55;RASGRP1;KYNU;PLSCR1;LIPA;TNFAIP3;CFH;MMP8;HNF4A;GZMB;PRSS36;GNGT2;FN1;PSMB9;SCG3;CFB;CASP5;GATA3;GRB2;LYN;ACTN2;HPCAL4;PHEX;F2;F3;CLU;CASP7;MMP14;PLG;L3MBTL4;GNB4;VCPIP1;CPM;GCA;SERPING1;CDA;CD40LG;F7;HSPA1A;PLA2G7;IL6"
"HALLMARK_GLYCOLYSIS",0.000183362060487966,0.000382004292683262,0.518848077743792,-0.371111367825923,-1.49206270237752,200,"LDHA;PGAM1;PAXIP1;ENO1;PGK1;HK2;PKM;PPIA;FKBP4;TPI1;ALDOA;NANP;ERO1A;POLR3K;SAP30;FAM162A;GOT2;SLC25A13;SLC37A4;NASP;RPE;RARS1;MDH2;TALDO1;B4GALT2;CLN6;DLD;GFPT1;PRPS1;PFKP;CASP6;VEGFA;IDH1;COG2;P4HA1;ARPP19;SLC25A10;PSMC4;SDHC;CYB5A;HSPA5;PDK3;MIF;KIF2A;IER3;SOD1;TXN;UGP2;MPI;MDH1;GALK2;PMM2;PGM2;HAX1;BPNT1;NSDHL;ME2;GUSB;ECD;CITED2;GOT1;ANKZF1;GCLC;AGL;STMN1;SRD5A3;MED24;ALG1;MXI1;SLC35A3"
"HALLMARK_ADIPOGENESIS",0.000219264583983983,0.000438529167967966,0.518848077743792,-0.369302340141635,-1.48478946051724,200,"AK2;DLAT;PRDX3;MTCH2;ALDOA;SDHB;SUCLG1;NDUFA5;PGM1;ACAA2;COQ3;NDUFAB1;NDUFS3;HADH;GRPEL1;UQCRC1;CYC1;IDH3A;MRPL15;COX7B;UBQLN1;MDH2;TALDO1;ATP5PO;ACLY;IMMT;DLD;CS;SAMM50;NMT1;JAGN1;HIBCH;UQCR10;PTCD3;IDH1;TKT;SLC5A6;DECR1;GHITM;GPAM;YWHAG;ELOVL6;SLC25A10;UQCRQ;CHCHD10;DNAJC15;SLC19A1;SDHC;PEMT;CAT;CHUK;VEGFB;CMPK1;SOD1;ACADM;PFKFB3;COX6A1;ABCB8;ATL2;GBE1;DHCR7;GPD2;IDH3G;NDUFB7;SLC1A5;PREB;PPP1R15B;ECH1;UCK1;LIPE;COX8A;AIFM1;ATP1B3;ME1;ARAF;G3BP2;ACO2"
"HALLMARK_HEME_METABOLISM",0.00032069086391929,0.000616713199844789,0.49849310876659,0.452927337380499,1.52881267674113,198,"YPEL5;ATP6V0A1;MKRN1;MARCHF8;RHCE;RBM5;MARCHF2;BTG2;TENT5C;PPP2R5B;SMOX;SIDT2;MYL4;RANBP10;SLC6A8;FOXO3;HAGH;CLCN3;LRP10;AGPAT4;CTSB;CCDC28A;TMEM9B;TMCC2;OPTN;ELL2;KLF3;LAMP2;LMO2;IGSF3;C3;NFE2L1;SDCBP;ANK1;DMTN;ARHGEF12;SLC66A2;EZH1;BACH1;ERMAP;KHNYN;BLVRA;ICAM4;MOCOS;PIGQ;RAP1GAP;ADIPOR1;CLIC2;ALDH6A1;CTNS;PC;CIR1;OSBP2;FN3K;ACP5;LPIN2;P4HA2;FBXO34;BTRC;SLC22A4;BMP2K;FTCD;KEL;MPP1;AQP3;RIOK3;GYPE;KAT2B;SLC10A3;RNF19A;H1-0;MFHAS1;SYNJ1;DCAF10;SPTB;RHD;PGLS;CCND3;NFE2;SEC14L1;TSPAN5;DCAF11;TFDP2;NCOA4;TNRC6B;MBOAT2;ENDOD1;TRIM58;TNS1;SNCA;NR3C1;ADD2;MGST3;SPTA1"
"HALLMARK_ALLOGRAFT_REJECTION",0.000472493771207856,0.000874988465199734,0.49849310876659,0.4455600027093,1.50652833398272,200,"TAP1;IL12RB1;HLA-DOA;PRF1;CCL4;CD74;HLA-DMA;SOCS1;IRF7;LY75;HCLS1;CTSS;ELF4;APBB1;CCND2;CAPG;SPI1;EIF4G3;ZAP70;HLA-E;IL27RA;CD3E;FYB1;F2R;FAS;LCP2;TGFB2;PRKCB;AKT1;IL10;TLR1;ICAM1;IRF4;HLA-DQA1;CD86;TIMP1;B2M;IFNAR2;CD4;STAT1;ITK;CD40;IL2RA;JAK2;IL2RB;CD80;CCR1;HLA-DOB;CD96;HLA-A;SRGN;CCL5;CCL22;BCL3;HLA-DRA;IL1B;HIF1A;NLRP3;ACHE;CD3G;GBP2;CRTAM;C2;IL2RG;CSF1;HLA-DMB;PTPN6;TAPBP;TNF;RPS9;THY1;IL11;STAT4;CFP;RPL39;GALNT1;IL15;IL18;CD8A;IL16;CXCL9;ITGB2;MMP9;IL7;NCF4;DYRK3;IL4R;EGFR;LIF;ST8SIA4;CXCL13;ICOSLG;RPS19;CD7;IFNGR1;CCND3;GZMB;BCL10;CD3D;FCGR2B;FGR;LTB"
"HALLMARK_ESTROGEN_RESPONSE_EARLY",0.00267201087010006,0.00477144798232153,0.431707695803346,0.423806932888628,1.4326680242162,199,"EEIG1;GAB2;ABAT;FCMR;CANT1;DHRS2;ELF3;ABCA3;THSD4;MAST4;TGM2;ABHD2;UNC119;ADCY9;IGFBP4;MYOF;NAV2;FOS;CD44;RHOBTB3;RAPGEFL1;NADSYN1;CCND1;PLAAT3;TJP3;ZNF185;FRK;ALDH3B1;EGR3;MUC1;ESRP2;JAK2;AFF1;CLIC3;GREB1;HR;P2RY2;SLC22A5;FARP1;SLC37A1;RETREG1;KRT8;AR;DHRS3;SEC14L2;TMPRSS3;SYNGR1;B4GALT1;NBL1;HES1;TSKU;CBFA2T3;CELSR2;NRIP1;WFS1;IL6ST;AQP3;SULT2B1;MREG;RAB31;AMFR;PAPSS2;CLDN7;MICB;GLA;TOB1;TUBB2B;SH3BP5;PMAIP1;RASGRP1;SEMA3B;ADCY1;CISH;PTGES;TTC39A;BCL11B;MPPED2;RHOD;REEP1;KLF10;NCOR2;ENDOD1;PRSS23;AREG;CALCR;INHBB;RARA;TMEM164;UGCG;ANXA9;TIPARP;CYP26B1;SNX24;SLC39A6;TIAM1;PODXL;TFF1;MAPT;KLK10"
"HALLMARK_APICAL_SURFACE",0.00607346986111006,0.0104714997605346,0.407017918923954,0.564137458305097,1.56553375606105,44,"TMEM8B;MDGA1;ADAM10;HSPB1;NTNG1;PLAUR;CROCC;SULF2;IL2RB;SCUBE1;CX3CL1;IL2RG;B4GALT1;SHROOM2;GHRL;THY1;AFAP1L2;RTN4RL1;EFNA5;EPHB4;GATA3;LYN;MAL;ATP8B1;DCBLD2;FLOT2;CRYBG1;AKAP7"
"HALLMARK_UV_RESPONSE_DN",0.0063888222964835,0.0106480371608058,0.407017918923954,0.433117922216019,1.41260397465946,144,"ICA1;SERPINE1;MAGI2;ANXA4;PRDM2;SMAD3;PDGFRB;WDR37;ATXN1;CACNA1A;DUSP1;RUNX1;TFPI;ATP2B4;TGFBR2;TOGARAM1;ATP2C1;ITGB3;SMAD7;ABCC1;FYN;RXRA;SYNJ2;MAP2K5;SCN8A;NOTCH2;VAV2;MAP1B;PIK3R3;FBLN5;PRKCE;ATRN;LAMC1;COL1A1;ERBB2;ATRX;AMPH;CAV1;FZD2;PTPN21;MET;PTPRM;CDC42BPA;SLC22A18;TJP1;TGFBR3;KCNMA1;BDNF;ANXA2;LTBP1;PIK3CD;INPP4B;MT1E;PLCB4;PPARG;PLPP3;SDC2;AKT3;SFMBT1;CELF2;CDKN1B;NR3C1;SNAI2;MGLL;F3;PMP22;COL1A2;CDK13;PRKAR2B;KALRN;SYNE1;ATP2B1;ADORA2B;EFEMP1;NR1D2;RND3;ARHGEF9;BMPR1A;CAP2"
"HALLMARK_PI3K_AKT_MTOR_SIGNALING",0.00738055360024546,0.0117869205564806,0.407017918923954,-0.375729553365716,-1.41136639254174,105,"EIF4E;UBE2N;UBE2D3;RPS6KA3;RAC1;CDK4;PPP2R1B;PLA2G12A;MAPK9;CFL1;PFN1;ACTR3;ARHGDIA;ATF1;PDK1;SMAD2;ARF1;ECSIT;YWHAB;CALR;HRAS;SFN;SLC2A1;ARPC3;ACACA;PTPN11;TRAF2;PPP1CA;TBK1;CSNK2B"
"HALLMARK_KRAS_SIGNALING_UP",0.00754362915614757,0.0117869205564806,0.407017918923954,0.40782650821256,1.37894377016673,200,"PRDM1;LY96;ADAM8;MMP11;TRAF1;PLAU;PIGR;APOD;HBEGF;CTSS;CCND2;SATB1;PPP1R15A;SDCCAG8;TFPI;TSPAN13;GLRX;C3AR1;JUP;PLAUR;PECAM1;VWA5A;AKAP12;TNFRSF1B;LAPTM5;EPHB2;IL10RA;CXCL10;ETV5;SCN1B;GALNT3;IL1B;ACE;FCER1G;ABCB1;F13A1;NIN;ITGBL1;IL2RG;GPRC5B;TMEM100;CROT;ZNF277;PLAT;ENG;KIF5C;CBL;KCNN4;GFPT2;TSPAN1;GADD45G;DUSP6;RGS16;FUCA1;DNMBP;USP12;TOR1AIP2;PCSK1N;GPNMB;PDCD1LG2;ITGB2;MMP9;BIRC3;RABGAP1L;SOX9;SEMA3B;CSF2RA;MAP7;LIF;TNFAIP3;CFH;PLVAP;GUCY1A1;RELN;SCG3;FGF9;SPON1;CFB;ALDH1A3;SPRY2;BTBD3;ADAMDEC1;PRRX1;MAFB;SPP1;INHBA;ID2;MPZL2;TMEM176B;TRIB1;MALL;DCBLD2;CLEC4A;ANGPTL4;NGF;BTC;PSMB8;HSD11B1;CMKLR1;CSF2;HKDC1;G0S2;EMP1;IGF2;EPB41L3;NAP1L2;CXCR4;ADGRA2;PRKG2"
"HALLMARK_HEDGEHOG_SIGNALING",0.0153212518475488,0.0232140179508315,0.380730400722792,0.556842516955455,1.49288194665458,36,"PML;LDB1;NRCAM;HEY1;MYH9;RTN1;PTCH1;L1CAM;TLE3;TLE1;SLIT1;ACHE;OPHN1;THY1;NRP2;GLI1;ADGRG1;NF1;CNTFR;AMOT;HEY2;CRMP1"
"HALLMARK_ANDROGEN_RESPONSE",0.0556963751224339,0.0819064340035792,0.321775918075361,-0.334206572145658,-1.24296594998779,100,"XRCC6;PA2G4;GNAI3;XRCC5;RPS6KA3;GPD1L;VAPA;UBE2I;SORD;SMS;SPCS3;SCD;HMGCS1;UBE2J1;ACSL3;GSR;UAP1;IDI1;LMAN1;FKBP5;INSIG1;TPD52;HERC3;SRP19;STK39;ANKH;RRP12"
"HALLMARK_TGF_BETA_SIGNALING",0.059493670886076,0.0849909584086799,0.206587922696891,0.464999575207174,1.3563133933598,54,"SERPINE1;SMAD3;ACVR1;ARID4B;FURIN;JUNB;PPP1R15A;LTBP2;HIPK2;TGIF1;SMAD7;BMPR2;ENG;RAB31;PMEPA1;ID3;WWTR1;TJP1;SKIL;SPTBN1;KLF10;NCOR2;CDH1;TGFBR1;XIAP;SKI;ID2;CDKN1C;TGFB1;NOG;BCAR3"
"HALLMARK_ANGIOGENESIS",0.0642570281124498,0.0892458723784025,0.204294756516886,0.521569568711038,1.39831598583808,36,"JAG2;CCND2;ITGAV;TIMP1;FGFR1;PTK2;VAV2;MSX1;PDGFA;LUM;VCAN;SPP1;TNFRSF21;LRPAP1;APOH;OLR1;VTN;S100A4;JAG1;FSTL1;SLCO2A1;COL3A1"
"HALLMARK_MITOTIC_SPINDLE",0.0671140939597315,0.0906947215672048,0.181383128498408,0.363404134633721,1.22847797700967,199,"SUN2;MARK4;GSN;CSNK1D;MAP3K11;CYTH2;SYNPO;TAOK2;ARL8A;CLIP2;TUBGCP6;NCK2;ABL1;ALS2;ARHGEF11;ABR;BIN1;PREX1;KIF3C;ARHGAP27;KLC1;DYNC1H1;MYH9;PLEKHG2;AKAP13;ARHGEF12;KIF1B;CDC42EP1;ARHGEF2;DST;MYO9B;NEDD9;CTTN;TSC1;ARHGEF7;FSCN1;RABGAP1;ARFGEF1;NOTCH2;FARP1;PALLD;SPTAN1;TRIO;CDC42EP4;NIN;OPHN1;WASF2;CLIP1;SHROOM2;BCL2L11;MARCKS;PXN;ARHGEF3;ARHGAP5;BCAR1;CEP131;CEP250;CLASP1;CDC42BPA;RICTOR;VCL;ARHGAP10;NF1;ARAP3;RAB3GAP1;SPTBN1;SHROOM1;ARHGAP29;CEP192;PCNT;MAP1S;BCR;SOS1;NUMA1;PKD2;RHOF;SEPTIN9"
"HALLMARK_BILE_ACID_METABOLISM",0.0885167464114833,0.116469403173004,0.161978948883402,0.387031381250951,1.2314959825487,112,"ABCA2;ABCA3;PAOX;ABCD1;EFHC1;GSTK1;ATXN1;NPC1;MLYCD;OPTN;PHYH;ABCA5;ABCG4;ABCA9;ABCD2;PNPLA8;RETSAT;RXRA;PEX6;SLC23A2;NEDD4;CYP46A1;AR;CROT;FDXR;HSD17B6;PEX11G;PECR;SOAT2;ABCA6;CYP27A1;NR1I2;SULT2B1;HSD17B11;PIPOX;SLCO1A2;ALDH1A1;ALDH8A1;SLC22A18;EPHX2;BMP6;AMACR;ABCA4;NR3C2;PEX16;BBOX1;DIO1;DIO2;SULT1B1;HAO1;SERPINA6;AGXT;ACSL1;HACL1;ACSL5;SLC35B2;BCAR3"
"HALLMARK_ESTROGEN_RESPONSE_LATE",0.0950782997762864,0.121895256123444,0.150169802128406,0.350791977316259,1.18584291584642,199,"EEIG1;DHRS2;ZFP36;ABCA3;PLXNB1;HOMER2;JAK1;MDK;CKB;ABHD2;FGFR3;IGFBP4;DLG5;MYOF;FOS;CD44;SGK1;PDCD4;TSPAN13;RAPGEFL1;ATP2B4;CCND1;PLAAT3;TJP3;FRK;ALDH3B1;EGR3;JAK2;AFF1;TST;CLIC3;LTF;HR;SLC22A5;BATF;FARP1;PTPN6;LLGL2;SERPINA1;TFPI2;ISG20;TMPRSS3;NBL1;KLK11;UNC13B;CELSR2;NRIP1;TNNC1;WFS1;IL6ST;CAV1;SULT2B1;RAB31;AMFR;LAMC2;MAPK13;PAPSS2;MICB;GLA;TOB1;LARGE1;CD9;CACNA2D2;SEMA3B;CISH;PTGES;PLAC1;EMP2;CYP4F11;ST14;PERP;NCOR2;PRSS23;CDH1;AREG;GFUS;PKP3;TRIM29"
"HALLMARK_NOTCH_SIGNALING",0.140161725067385,0.175202156334232,0.134273452883202,0.480576427830778,1.26316489350981,32,"PPARD;PSENEN;DTX2;DLL1;PSEN2;CCND1;FZD7;FBXW11;NOTCH2;LFNG;MAML2;HES1;ARRB1;DTX4;NOTCH3"
"HALLMARK_WNT_BETA_CATENIN_SIGNALING",0.152406417112299,0.185861484283292,0.127505315300183,0.454479358881093,1.24484161913078,42,"PPARD;NCSTN;HDAC11;NUMB;HDAC5;DLL1;JAG2;FRAT1;CCND2;PSEN2;HEY1;PTCH1;WNT5B"
"HALLMARK_XENOBIOTIC_METABOLISM",0.230683090705487,0.274622727030342,0.0897104652742981,0.3258414109527,1.1017356023885,200,"PPARD;PINK1;DHRS1;SERTAD1;SERPINE1;SMOX;CYP1A1;SLC12A4;ACOX1;MT2A;TNFRSF1A;TPST1;IGFBP4;GABARAPL1;NPC1;SLC46A3;FAS;TGFB2;ALDH2;JUP;ABCD2;HMOX1;MPP2;EPHA2;G6PC1;RETSAT;DDAH2;SPINT2;GCH1;APOE;CD36;RAP1GAP;SLC6A12;UPB1;ITIH1;PC;CCL25;ITIH4;MARCHF6;TMBIM6;VNN1;NINJ1;FMO1;CROT;CYP26A1;LPIN2;CSAD;LCAT;FBLN1;CYP27A1;NDRG2;ATOH8;TAT;BCAR1;PMM1;CYP2E1;EPHX1;PAPSS2;DDT;SLC22A1;SLC35D1;KYNU;HRG;PTGES;ESR1;CYP1A2;HNF4A;FMO3;CDO1;MAN1A1;CYP2J2;CFB"
"HALLMARK_REACTIVE_OXYGEN_SPECIES_PATHWAY",0.284518828451883,0.330835847037073,0.169570644405628,-0.323030000125038,-1.06795692758994,48,"GCLM;GLRX2;PRDX4;NDUFB4;PFKP;GSR;NDUFA6;CAT;SOD1;TXN;NDUFS2;OXSR1;TXNRD1;NQO1;PTPA;GCLC;SCAF4;PRDX1"
"HALLMARK_UV_RESPONSE_UP",0.472286374133949,0.536689061515851,0.0549073703290958,0.304379268236995,0.999869148587359,157,"STARD3;TAP1;DLG4;BTG2;ATF3;SELENOW;SQSTM1;LHX2;IRF1;CYP1A1;GRINA;SLC6A8;CDKN2B;FURIN;JUNB;MAPK8IP2;RHOB;FOSB;MARK2;FOS;BTG1;TYRO3;ICAM1;HMOX1;CYB5R1;STK25;NPTXR;TST;HSPA2;RRAD;GCH1;HLA-F;CNP;SLC6A12;MSX1;TMBIM6;ABCB1;PLCL1;ACAA1;FMO1;NR4A1;COL2A1;CTSV;NXF1;PTPRD;NFKBIA;GPX3;BCL2L11;BAK1;IL6ST;AQP3;YKT6;EPHX1;RXRB;HTR7;NTRK3;SHOX2;RASGRP1"
"HALLMARK_HYPOXIA",0.573348264277716,0.63705362697524,0.0445961615888961,0.284883024126123,0.963247026454269,200,"CDKN1A;KLHL24;TPST2;KIF5A;ZFP36;SERPINE1;ATF3;SDC3;EFNA1;CHST2;TGM2;FOXO3;NDRG1;NAGK;MT2A;DUSP1;TGFB3;HEXA;PPP1R15A;FOS;BTG1;EXT1;GLRX;NDST2;MYH9;PLAUR;HMOX1;KLF7;AKAP12;PNRC1;RRAGD;SDC4;GPC1;CAVIN1;FOSL2;GAA;PPARGC1A;ACKR3;IRS2;JUN;ISG20;GPC4;P4HA2;PDGFB;HOXB9;NCAN;CAV1;SULT2B1;IDS;WSB1;BCAN;NDST1;LARGE1;AMPD3;NEDD4L;EGFR;TKTL1;B4GALNT2;HDLBP;TNFAIP3;ENO3;ANXA2;MT1E;DPYSL4;ERRFI1;KLF6;DTNA;CHST3;ATP7A;RORA;CCNG2;TMEM45A;SDC2;FBP1;PGF;DDIT3;GCK;CDKN1B;NR3C1;PLAC8;EDN2"
"HALLMARK_CHOLESTEROL_HOMEOSTASIS",0.686131386861314,0.73758865248227,0.0401660980049421,0.293468084216724,0.891520630402338,74,"TP53INP1;ABCA2;STX5;ATF3;ETHE1;GSTM2;LGALS3;ACSS2;CXCL16;S100A11;NIBAN1;PLAUR;TM7SF2;PNRC1"
"HALLMARK_PANCREAS_BETA_CELLS",0.693333333333333,0.73758865248227,0.0438879842863647,0.321558894395004,0.874252973135692,40,"STXBP1;LMO2;VDR;FOXO1;CHGA;PAX6;IAPP;SEC11A;AKT3;DCX;GCK;MAFB;PAK3"
"HALLMARK_PROTEIN_SECRETION",0.734146341463415,0.764735772357724,0.0371479221137289,0.281368235082089,0.879356639894251,96,"ICA1;ADAM10;IGF2R;VAMP3;CLCN3;STX16;ATP6V1H;LAMP2;STX12;ARFGAP3;KIF1B;DST;NAPA;RAB9A;GBF1;ARFGEF1;ARFGEF2;ERGIC3;YIPF6;GOLGA4;SGMS1;GOSR2;YKT6;SNAP23;GLA;VPS4B;RAB22A;OCRL;CLN5;EGFR;SEC31A;VAMP4;CAV2;SNX2;M6PR;ATP7A;SCRN1;MON2;RER1;USO1;SEC22B;CD63;RAB5A;VPS45;TOM1L1"
"HALLMARK_PEROXISOME",0.792892156862745,0.809073629451781,0.0337507376805299,0.273028517351495,0.85796344480029,103,"MVP;DLG4;ABCC5;CEL;ABCB4;ABCB9;ABCD1;CRAT;ACOX1;GSTK1;ATXN1;MLYCD;TSPO;ABCD2;RETSAT;FABP6;PEX6;SLC23A2;ABCB1;DHRS3;HMGCL;ACAA1;PEX11B;ALB;NR1I2;SULT2B1;HSD17B11;ALDH1A1;VPS4B;EHHADH;ESR2;EPHX2;SEMA3C"
"HALLMARK_SPERMATOGENESIS",0.90781796966161,0.90781796966161,0.0244268887168729,0.247907397151649,0.8051876369852,135,"LPIN1;CHFR;PCSK4;ALOX15;CNIH2;PGS1;ELOVL3;HSPA2;TLE4;CCT6B;GRM8;DMRT1;CLVS1;ACE;IP6K1;JAM3;CHRM4;HSPA1L;BRAF;SYCP1;GFI1;PHF7;PCSK1N;ACRBP;NEFH;TCP11;DPEP3;MAP7;TKTL1;MEP1B;CLGN;ZC2HC1C;SCG3;ART3;DCC;NOS1;SEPTIN4;NPHP1;H1-6;IL12RB2;SPMAP2;SPATA6"
